First Name,Last Name,Street Number,Street Name,City,Postal Code,Province,Country,Number,Email Address,File Date
Mason,Williams,289,Boscobel Road,Saint-Hyacinthe,G6X 2L1,Mason@eye.com,Canada,425765943,,10/24/2023
William,Anderson,72,Bright Place,Ottawa,J0N 0Z3,William@job.com,Canada,1136253218,,10/24/2023
,,326,Carnation Crescent,Sarnia,J0N 0Z3,null@word.com,Canada,1333858390,,10/24/2023
William,Williams,12,Chebucto Road,Regina,K1B 3B2,William@water.com,Canada,142283679,,10/24/2023
Jacob,Jones,41,Cascade Drive,Oakville,"B0T 0Y5 ",Jacob@night.com,Canada,333945085,,10/24/2023
,Brown,21,Apollo Court,Caledon,J1S 0R4,null@company.com,Canada,1049757321,,10/24/2023
Alexander,Brown,7,Birchfield Crescent,Saint John,G3H 0B4,Alexander@lot.com,Canada,332621532,,10/24/2023
Ethan,Taylor,336,Albert Street,Brantford,E4M 2G2,Ethan@state.com,Canada,496374176,,10/24/2023
Jacob,Anderson,145,Borden Street,Granby,E7E 3T7,Jacob@month.com,Canada,1216003647,,10/24/2023
Jacob,Davis,97,Bobolink Street,Burnaby,L3V 1Y8,Jacob@month.com,Canada,1039524229,,10/24/2023
James,Anderson,17,Barrington Street,Surrey,"V1K 1V0 ",James@woman.com,Canada,1310231957,,10/24/2023
William,Jones,88,Brigadier Court,Winnipeg,K1B 3B2,William@student.com,Canada,1313486397,,10/24/2023
Liam,Jones,417,Alton Drive,Victoria,N5C 2J8,Liam@case.com,Canada,124098290,,10/24/2023
Liam,Davis,241,Bobolink Street,Vancouver,H9S 1R4,Liam@company.com,Canada,426969556,,10/24/2023
Alexander,Jones,9,Clinton Avenue,Abbotsford,G6X 2L1,Alexander@day.com,Canada,753845359,,10/24/2023
Ethan,Moore,63,Bond Street,Belleville,J0J 3V6,Ethan@way.com,Canada,262343888,,10/24/2023
Mason,,109,Arthur Street,North Bay,N8H 2H6,Mason@woman.com,Canada,513960781,,10/24/2023
Ethan,Taylor,489,Andrew Street,Wood Buffalo,G0H 2P3,Ethan@water.com,Canada,1202700848,,10/24/2023
James,Miller,326,Charlton Avenue,Airdrie,E5V 3X5,James@way.com,Canada,222861148,,10/24/2023
,Williams,235,Brunswick Street,Ottawa,N8A 0B3,null@week.com,Canada,772581184,,10/24/2023
William,Miller,500,Brodick Lane,Victoria,T1L 2H8,William@place.com,Canada,300415809,,10/24/2023
Liam,Thomas,88,Abbott Drive,Lethbridge,J9P 1C6,Liam@home.com,Canada,1184998314,,10/24/2023
Jacob,Davis,300,Bright Street,Mirabel,B2E 0X4,Jacob@government.com,Canada,158968769,,10/24/2023
James,Taylor,314,Broadholme Lane,Kingston,,James@state.com,Canada,413968446,,10/24/2023
,Taylor,395,Chocolate Lake Road,Moncton,B2E 0X4,null@world.com,Canada,512963034,,10/24/2023
Ethan,Anderson,176,Clifton Street,Airdrie,G3H 0B4,Ethan@woman.com,Canada,957165276,,10/24/2023
William,,22,Alm-a Ramp,Welland,G6X 2L1,William@hand.com,Canada,603808458,,10/24/2023
Jacob,Thomas,17,Cherry Street,Chatham-Kent,V8B 1P6,Jacob@program.com,Canada,833099279,,10/24/2023
Jacob,Taylor,412,Acorn Road,Saint John,V8C 0S2,Jacob@people.com,Canada,416691149,,10/24/2023
Mason,Anderson,359,Birches Drive,Oakville,"B0T 0Y5 ",Mason@book.com,Canada,720352214,,10/24/2023
,Wilson,294,Birches Drive,Cambridge,J0N 0Z3,null@home.com,Canada,411166360,,10/24/2023
Mason,Moore,382,Brussels Street,Kitchener,N5C 2J8,Mason@family.com,Canada,408908694,,10/24/2023
Ethan,Wilson,497,Alex Street,Norfolk County,N8H 2H6,Ethan@eye.com,Canada,658538643,,10/24/2023
Alexander,Jackson,116,Clayder Lane,Caledon,G3H 0B4,Alexander@number.com,Canada,624864986,,10/24/2023
Ethan,Miller,313,Alderwood Drive,Winnipeg,G3H 0B4,Ethan@room.com,Canada,1091786028,,10/24/2023
Mason,Jones,238,Clayder Lane,Victoria,J9T 3H4,Mason@world.com,Canada,741683723,,10/24/2023
Alexander,Taylor,37,Bedros Lane,Saint-JÃ©rÃ´me,T1L 2H8,Alexander@system.com,Canada,365232279,,10/24/2023
Mason,Jones,69,Belmont Road,Winnipeg,N5C 2J8,Mason@case.com,Canada,1175617361,,10/24/2023
,Williams,150,Borden Street,Saint-Jean-sur-Richelieu,E4S 3C4,null@company.com,Canada,900978732,,10/24/2023
Ethan,Wilson,328,Beech Street,Coquitlam,G6X 2L1,Ethan@company.com,Canada,448545657,,10/24/2023
William,Brown,159,Birch Street,Trois-RiviÃ¨res,G3H 0B4,William@group.com,Canada,687187405,,10/24/2023
Jacob,Johnson,125,Blue Willow Court,Richmond Hill,J1S 0R4,Jacob@way.com,Canada,290681382,,10/24/2023
Jacob,Miller,127,Charlton Avenue,Caledon,"L4A 0T3 ",Jacob@way.com,Canada,372143141,,10/24/2023
James,Miller,203,Alton Drive,St. John's,J9T 3H4,James@state.com,Canada,1317654287,,10/24/2023
,Taylor,320,Ahern Avenue,Sherbrooke,G6X 2L1,null@state.com,Canada,293442954,,10/24/2023
Jacob,Jones,388,Ballantrae Lane,LÃ©vis,L3V 1Y8,Jacob@family.com,Canada,129837249,,10/24/2023
James,Thomas,470,Autumn Drive,North Vancouver,,James@man.com,Canada,627855953,,10/24/2023
Mason,Moore,211,Barrington Street,Pickering,L3V 1Y8,Mason@business.com,Canada,895835887,,10/24/2023
William,Thomas,422,Chipstone Close,Red Deer,,William@time.com,Canada,736262256,,10/24/2023
William,Davis,455,Breen Avenue,Granby,J0N 0Z3,William@story.com,Canada,274573131,,10/24/2023
William,Jones,394,Bridgeview Drive,Clarington,N4N 0B9,William@company.com,Canada,625547854,,10/24/2023
Mason,Jackson,208,Aster Court,Saint John,L9R 0A0,Mason@Mr.com,Canada,1067304980,,10/24/2023
Ethan,Miller,132,Ash Lake Court,Niagara Falls,L0N 3J2,Ethan@study.com,Canada,1097084949,,10/24/2023
,Wilson,38,Bayview Road,Prince George,L0N 3J2,null@point.com,Canada,1122243844,,10/24/2023
Ethan,Wilson,235,Alm-a Ramp,Saint-Hyacinthe,N4N 0B9,Ethan@question.com,Canada,1351371508,,10/24/2023
James,Brown,445,Clinton Avenue,,H0H 3C9,James@people.com,Canada,357821947,,10/24/2023
Jacob,Taylor,234,Albemarle Street,Greater Sudbury,E4M 2G2,Jacob@part.com,Canada,1404044807,,10/24/2023
Mason,Williams,338,,Chilliwack,E5V 3X5,Mason@child.com,Canada,1409644218,,10/24/2023
Ethan,Thomas,454,Bedford Highway,Waterloo,B3V 2V1,Ethan@home.com,Canada,1106476377,,10/24/2023
Alexander,Thomas,306,Balmoral Road,Kingston,H0H 3C9,Alexander@school.com,Canada,206033674,,10/24/2023
James,Johnson,213,Bedford Highway,Niagara Falls,G0H 2P3,James@state.com,Canada,426736495,,10/24/2023
William,Wilson,266,Brodick Lane,Brantford,H9S 1R4,William@story.com,Canada,1212400710,,10/24/2023
,Jackson,107,Alm-a Ramp,Kawartha Lakes,N8A 0B3,null@lot.com,Canada,1026735857,,10/24/2023
Alexander,Brown,459,Chessvale Close,LÃ©vis,V8B 1P6,Alexander@lot.com,Canada,424755080,,10/24/2023
Ethan,Taylor,103,Artz Street,Airdrie,E4M 2G2,Ethan@place.com,Canada,303163018,,10/24/2023
,Wilson,48,Carnation Crescent,Drummondville,J0N 0Z3,null@system.com,Canada,246697610,,10/24/2023
William,Williams,83,Brewer Court,Saint-Jean-sur-Richelieu,E4S 3C4,William@month.com,Canada,437507374,,10/24/2023
William,Williams,234,Annandale Street,Maple Ridge,L3V 1Y8,William@people.com,Canada,290448804,,10/24/2023
Ethan,,449,Beachstone Drive,Lethbridge,L4A 0T0,Ethan@way.com,Canada,628959588,,10/24/2023
James,Williams,326,Black Street,Drummondville,J0N 0Z3,James@Mr.com,Canada,1335407537,,10/24/2023
,,386,Churchill Drive,Oshawa,E5V 3X5,null@home.com,Canada,211590868,,10/24/2023
Mason,Jackson,288,Cartaret Street,LÃ©vis,N5C 2J8,Mason@problem.com,Canada,189534517,,10/24/2023
Mason,Wilson,308,Abercrombie Lane,Vancouver,E4M 2G2,Mason@life.com,Canada,574351323,,10/24/2023
Jacob,Moore,392,Clayder Lane,Coquitlam,J9T 3H4,Jacob@month.com,Canada,285005860,,10/24/2023
Mason,Anderson,13,Cabot Street,Calgary,"L4A 0T3 ",Mason@man.com,Canada,706029624,,10/24/2023
Alexander,Brown,320,Abbott Drive,North Vancouver,N5C 2J8,Alexander@student.com,Canada,786615132,,10/24/2023
James,Johnson,180,Cardiff Place,Brampton,J1S 0R4,James@water.com,Canada,551719893,,10/24/2023
James,Johnson,75,Bishop Street,Cape Breton,V8C 0S2,James@water.com,Canada,674175526,,10/24/2023
William,Taylor,136,Carroll Lane,Lethbridge,L0N 3J2,William@day.com,Canada,701289990,,10/24/2023
Mason,,210,Bison Crescent,Medicine Hat,G0H 2P3,Mason@company.com,Canada,470682011,,10/24/2023
William,,115,Camelot Lane,Clarington,L3V 1Y8,William@part.com,Canada,687014608,,10/24/2023
William,Jones,38,Birchdale Avenue,Vancouver,G6X 2L1,William@student.com,Canada,850794715,,10/24/2023
,,177,Bridget Avenue,Port Coquitlam,G3E 2K4,null@family.com,Canada,970418301,,10/24/2023
William,Jackson,275,Ash Lake Court,Mississauga,H0H 3C9,William@hand.com,Canada,394515150,,10/24/2023
Ethan,Brown,308,Alm-d Ramp,Clarington,V8C 0S2,Ethan@eye.com,Canada,203401348,,10/24/2023
James,,488,Blue Jay Street,Whitby,B3V 2V1,James@book.com,Canada,718136901,,10/24/2023
Alexander,Jones,441,Angus L Macdonald Bridge,Cambridge,L9R 0A0,Alexander@life.com,Canada,676533915,,10/24/2023
Ethan,Jackson,262,Centre Gate,Welland,L3V 1Y8,Ethan@child.com,Canada,132123748,,10/24/2023
Alexander,Williams,428,Bonaventure Drive,Fredericton,H0H 3C9,Alexander@day.com,Canada,550931188,,10/24/2023
,Moore,214,Claymore Avenue,Ajax,L3V 1Y8,null@system.com,Canada,964901098,,10/24/2023
James,Williams,165,Bright Street,Burlington,G3H 0B4,James@month.com,Canada,496235850,,10/24/2023
William,Williams,168,Barkton Lane,Kamloops,E7E 3T7,William@story.com,Canada,1111721882,,10/24/2023
Liam,Jackson,295,Admirals Way,Oakville,V8C 0S2,Liam@place.com,Canada,686253557,,10/24/2023
Ethan,,285,Armview Terrace,Kamloops,"B0T 0Y5 ",Ethan@month.com,Canada,1285613931,,10/24/2023
